{
  "students": [
    {
      "id": 1,
      "name": "V",
      "gender": 0,
      "age": 18,
      "languages": [
        "Java",
        "C#"
      ]
    },
    {
      "id": 2,
      "name": "v4v",
      "gender": 0,
      "age": 18,
      "languages": [
        "Java",
        "C#"
      ],
      "classroom": {}
    },
    {
      "name": "v2",
      "gender": "1",
      "age": 18,
      "languages": [
        "C#",
        "JAVA",
        "ReactJS"
      ],
      "id": 3
    }
  ],
  "classrooms": []
}